dataset,status,n_features,refinement_type,r2,rmse,complexity,seconds,error,noise_strength,expr
1030_ERA,success,4,lso,0.3507914999431555,1.7431452789902668,36,709.3999140262604,,0.1,(2.693830260965181 add (((2.024704885546092 mul sin((-4.500364583882498 add (0.2969759027058926 mul (x_3 mul x_2))))) sub (0.7626572205439548 mul x_1)) mul ((-0.050512690992106556 mul x_0) add (0.13518301197482596 mul cos(((2.682937558055097 mul inv((1.3835916375357842 add (-2.145528192823183 mul x_1)))) add (-5.925424302111778 mul x_3)))))))
1089_USCrime,failed,0,lso,nan,nan,nan,nan,Input dimension 13 exceeds max_input_dimension 10,0.1,
1096_FacultySalaries,success,4,lso,-2.5161025850893166,11.46352370773822,43,729.6457600593567,,0.1,(38.37541994474581 add (((12.37713489125618 mul sin((-25.599001363076376 add (0.2849388666610896 mul x_3)))) sub (11.374244294371087 mul cos((24.64034270901161 add (-2.0433727257213294 mul (inv((3.3941451855568885 add (0.04368118887872027 mul x_1))) mul x_2)))))) mul ((0.017536043625956933 mul x_3) add ((0.6522578114043946 mul cos((5.139771832442507 add (-0.6780325183890099 mul x_2)))) sub (1.1534828531873147 mul x_0)))))
1199_BNG_echoMonths,success,9,lso,0.34187569774719484,11.869356452429798,47,1229.0272240638733,,0.1,(-469.86902848046844 add (inv((2.352551577388793 add (0.0639331489631283 mul x_0))) mul ((-29.35825307744416 mul x_8) add ((0.00015330094191548318 mul (((208.46081068106545 mul (x_2 mul x_1)) sub (-35.63475955720366 mul ((96.10303650239072 add (-0.6454375668599209 mul x_6)))**2)) mul arctan((36.28743444759583 add (-41.629790063827265 mul x_7))))) add (110.32261173035378 mul sqrt((125.4295361994208 add (0.28534280139368684 mul (x_3 mul x_5)))))))))
192_vineyard,success,2,lso,0.537894095028123,3.676585550350246,33,493.1221022605896,,0.1,(-376.61887267472275 add ((-398.7362600837515 mul cos((9.17303747506466 add (0.04086748674794403 mul x_0)))) sub (-2.9365750414681666 mul sin(((-0.5736194493824589 mul x_1) sub (-0.00021545043386676205 mul (((-157.63000536321636 mul sin((2.1069454240531296 add (44.77537829927167 mul x_0)))) add (-5.3692399785242655 mul x_0)))**2))))))
197_cpu_act,failed,0,lso,nan,nan,nan,nan,Input dimension 21 exceeds max_input_dimension 10,0.1,
218_house_8L,success,8,lso,0.4849677608998253,34603.77648416873,49,878.4235789775848,,0.1,(-40884.613232183015 add ((0.020463536929995422 mul ((2048.8807604197864 add (-372.8553419211723 mul x_6)))**2) add ((2.1156049479524914 mul (((3.6164678022478634 mul ((-81.8884330578973 add (35.72433593831771 mul x_3)))**2) sub (10294.299327662207 mul x_7)) mul abs(((1.5115659604586866 mul arctan((-0.029554851737868964 add (0.001970323561401494 mul x_0)))) add (42.31736644668318 mul x_1))))) sub ((-68636.42624257616 mul (x_5 mul x_4)) sub (130197.45220549472 mul x_2)))))
225_puma8NH,success,8,lso,0.5387236980162733,3.367877708388172,41,672.866138458252,,0.1,(-1.3625531413084624 add (((-0.03531615483446619 mul x_0) add (-368.136179972704 mul sin((-0.007844134117793984 add (-0.005329919839103154 mul x_2))))) mul (sin((-0.005165546022523659 add (-0.003197303972578484 mul (x_1 mul sqrt((3.991060771306561 add (-2.0326359241387664 mul x_2))))))) mul ((123.43361428405255 mul x_1) add (399.16338261075305 mul sin((-1.8774136656404177 add (-0.3425033087444267 mul x_2))))))))
227_cpu_small,failed,0,lso,nan,nan,nan,nan,Input dimension 12 exceeds max_input_dimension 10,0.1,
228_elusage,success,2,lso,-7.862168247457525,80.12514959589788,21,277.16553235054016,,0.1,(-35.85517956887641 add (inv((-2.734143943651393 add (0.1292923527070514 mul x_0))) mul ((5.337148368705354 mul x_0) add (27.424634608484244 mul sin((-16.93108545410894 add (-59.47281015760284 mul x_0)))))))
230_machine_cpu,success,6,lso,0.8680653349807039,47.152942319491046,30,236.8010425567627,,0.1,(-20971.782979972315 add ((10.126956256891114 mul ((45.530311988903385 add (0.0011452983921950786 mul x_3)))**2) add (9.275536879098941e-05 mul (inv((1.2788739827682893 add (1.1094386745013776 mul x_0))) mul abs(((-6729.367008468947 mul x_1) sub (29.115515856069532 mul (x_2 mul x_5))))))))
505_tecator,failed,0,lso,nan,nan,nan,nan,Input dimension 124 exceeds max_input_dimension 10,0.1,
522_pm10,success,7,lso,-1.2783939412221006,1.5322105569914433,73,1199.9170107841492,,0.1,(1.719538577500017 add ((0.024832990382449936 mul (((-1.6804191317990278 mul (((-2.351670721477963 mul x_3) sub (-0.46473829219979107 mul x_2)) mul ((-9.879731242570088e-05 mul x_6) add (0.3298994118101836 mul x_3)))) sub (0.4462467518598021 mul ((1.7232043928810787 add (0.035528047621454416 mul x_1)))**2)) mul ((1.1978405338064109 mul x_0) sub (-13.542611630526794 mul cos((-0.7360746066910274 add (-0.07290681980982128 mul (cos((2.6882815289144664 add (-0.7709422751148581 mul x_3))) mul ((-11.251897954832373 mul x_1) sub (77.283986191132 mul cos((-0.2625645206267746 add (-8.58161116310338 mul x_6))))))))))))) add ((0.24506650862252843 mul x_0) add ((-0.018779668895128443 mul x_2) sub (-0.0007918201005688998 mul x_1)))))
527_analcatdata_election2000,failed,0,lso,nan,nan,nan,nan,Input dimension 14 exceeds max_input_dimension 10,0.1,
529_pollen,success,4,lso,0.8372803910604998,1.4144223775664946,17,219.86740899085999,,0.1,(-0.03237108976440949 add (((-0.4082599138352549 mul x_3) add (-0.024631451402423534 mul x_2)) add ((-0.8888827401877987 mul x_0) add (0.19671045006038168 mul x_1))))
537_houses,success,8,lso,0.4048759905929281,76139.75075315616,45,527.7996203899384,,0.1,(-754520.2378249142 add ((-1.4631366176395257 mul (((-0.0005654851485517015 mul ((-1263.6649104755436 add (39.40211216503407 mul x_6)))**2) add (0.0014001785711694307 mul x_4)) mul ((1.097982938986159 mul ((-140.49089577687624 add (-2.0738457539224 mul x_0)))**2) add (-0.16694177690259177 mul (((105.18069059094037 mul cos((1.1780442182066457 add (-0.606215683621022 mul x_0)))) add (0.3917862795387956 mul x_1)))**2)))) sub (-138.1504273150091 mul x_5)))
542_pollution,failed,0,lso,nan,nan,nan,nan,Input dimension 15 exceeds max_input_dimension 10,0.1,
547_no2,success,7,lso,0.4205411881501657,0.5926232388856397,67,978.4908874034882,,0.1,(3.4697787984922868 add (((-0.9527509205652013 mul x_2) add (-0.03646059535106271 mul x_1)) sub ((0.12832378650797302 mul (((0.012738073821593929 mul x_6) sub (-0.4470244919512332 mul (((0.01829711751362858 mul x_3) add (-0.6104363225754239 mul x_0)) mul ((0.49567192395118276 mul x_5) add (0.14030529616162257 mul ((-59.0165951376574 add (2.43138577702137 mul x_2)))**2))))) mul inv((-6.209187940940616 add (0.25523925004386616 mul x_2))))) add ((0.39753731903103035 mul cos((2.657725487762773 add (0.04412418514976686 mul x_6)))) sub ((0.41024927407147027 mul abs((0.6409705522774176 add (-7.069126617796302 mul x_0)))) sub (-0.0009135401867506546 mul x_4))))))
560_bodyfat,failed,0,lso,nan,nan,nan,nan,Input dimension 14 exceeds max_input_dimension 10,0.1,
561_cpu,success,7,lso,0.936101433669604,33.24474610344267,27,209.78340458869934,,0.1,(-3.6105988863151555 add ((0.7168743032239939 mul x_4) add ((0.004527108541514627 mul x_3) add (-0.4376322573673135 mul (((3.394018841942903e-05 mul x_1) sub (9.353344539644058e-06 mul x_2)) mul ((98.25691057858916 mul x_6) add (5.594835816485664 mul x_0)))))))
562_cpu_small,failed,0,lso,nan,nan,nan,nan,Input dimension 12 exceeds max_input_dimension 10,0.1,
564_fried,success,10,lso,0.9173213446403428,1.4193318167156534,45,709.9011511802673,,0.1,(-76.36388253052145 add (inv((-12.545475449892981 add (0.6572212152216209 mul x_4))) mul (((-122.40224491332432 mul x_3) sub ((79.06429445553368 mul ((0.8401602080474577 add (-1.5924228149550461 mul x_2)))**2) add (-2.1438638758274178 mul x_1))) add ((-42.61507340024541 mul ((-5.176085110641753 add (0.03189806633353118 mul x_0)))**2) add (0.19824266149812397 mul inv((0.001111732362769053 add (0.004875494623434295 mul (x_1 mul x_0)))))))))
573_cpu_act,failed,0,lso,nan,nan,nan,nan,Input dimension 21 exceeds max_input_dimension 10,0.1,
574_house_16H,failed,0,lso,nan,nan,nan,nan,Input dimension 16 exceeds max_input_dimension 10,0.1,
579_fri_c0_250_5,success,5,lso,0.9471094268596962,0.22195483558478488,53,607.513130903244,,0.1,(-4.018436044689242 add ((0.6255243982465191 mul x_3) add ((0.3029220493162352 mul x_4) add ((0.028762980814679543 mul (x_2 mul x_0)) add ((239.63855849981562 mul (x_2 mul ((0.0013577345992985478 mul x_2) sub (2.8964067772063104e-06 mul inv((0.023751477310074244 add (-0.2315970721542509 mul x_3))))))) add (4.668544444465139 mul cos((-0.975872808199748 add (-423.8043017194821 mul (cos((-1.5927567454862233 add (-0.012927492587882587 mul x_1))) mul cos((-1.5188049986731016 add (0.031342192504492716 mul x_0)))))))))))))
581_fri_c3_500_25,failed,0,lso,nan,nan,nan,nan,Input dimension 25 exceeds max_input_dimension 10,0.1,
582_fri_c1_500_25,failed,0,lso,nan,nan,nan,nan,Input dimension 25 exceeds max_input_dimension 10,0.1,
583_fri_c1_1000_50,failed,0,lso,nan,nan,nan,nan,Input dimension 50 exceeds max_input_dimension 10,0.1,
584_fri_c4_500_25,failed,0,lso,nan,nan,nan,nan,Input dimension 25 exceeds max_input_dimension 10,0.1,
586_fri_c3_1000_25,failed,0,lso,nan,nan,nan,nan,Input dimension 25 exceeds max_input_dimension 10,0.1,
588_fri_c4_1000_100,failed,0,lso,nan,nan,nan,nan,Input dimension 100 exceeds max_input_dimension 10,0.1,
589_fri_c2_1000_25,failed,0,lso,nan,nan,nan,nan,Input dimension 25 exceeds max_input_dimension 10,0.1,
590_fri_c0_1000_50,failed,0,lso,nan,nan,nan,nan,Input dimension 50 exceeds max_input_dimension 10,0.1,
591_fri_c1_100_10,success,10,lso,0.8755179774754099,0.3220283540480023,39,489.6971504688263,,0.1,(0.1686860911300093 add (((0.2284268419781178 mul x_4) sub ((-3.6663474997700183 mul x_1) sub ((0.5123152428564097 mul x_2) sub ((-0.3354662389209925 mul x_3) add (-5.836476295450117 mul arctan(((-0.21054367372869096 mul x_2) add (-1.1044586568698582 mul x_1)))))))) mul sin((1.656402151012569 add (-0.5508491966175474 mul (x_0 mul (x_1 mul x_0)))))))
592_fri_c4_1000_25,failed,0,lso,nan,nan,nan,nan,Input dimension 25 exceeds max_input_dimension 10,0.1,
593_fri_c1_1000_10,success,10,lso,0.7556944743919852,0.48476846228867715,67,1131.8020901679993,,0.1,(-0.07342535203313874 add (inv((34.83613402668433 add (-9.183997719595267 mul x_0))) mul (((1.197046627082401 mul x_9) sub (-15.403699482039093 mul x_3)) add ((5.497245340421543 mul (((-2.38013053111249 mul x_4) add (61.768941340784146 mul (((-0.004554589026928063 mul x_6) sub (-5.917811117811631 mul inv((12.860672422413405 add (0.025300101580413705 mul x_4))))) mul x_1))) mul inv((-1.9286628462872393 add (0.0028259444465238925 mul x_8))))) sub ((125.05133163625717 mul arctan((-0.04202594577229303 add (-0.5152133882150841 mul ((x_1 mul x_0) mul x_1))))) add ((1.3960741966289834 mul x_3) add (11.738552866735791 mul x_2)))))))
594_fri_c2_100_5,success,5,lso,0.6896404478226974,0.5824686720753951,49,405.7185459136963,,0.1,(0.7813157913827095 add (((-3.169885305760581 mul (((0.3694633632348849 mul x_1) sub (0.7098679427602792 mul x_0)) mul x_2)) add (7.1597290140202485 mul sin((4.782142021500018 add (0.4112367989449495 mul x_3))))) mul (sin((-0.3675333703544553 add (-1.2470907406592038 mul x_1))) mul (cos((-7.747957018630488 add (-0.008635520094175533 mul x_4))) mul ((6.292042725298662 mul x_0) add (-12.636831340052149 mul cos((-7.709390394581533 add (0.7946500562731347 mul x_0)))))))))
595_fri_c0_1000_10,success,10,lso,0.8329889098850768,0.4807929763470545,57,751.0905606746674,,0.1,(0.5759691363515429 add (inv((80.97259316147523 add (-2.499680547097362 mul (x_7 mul x_6)))) mul (((123.70596931324498 mul arctan((-0.3654107475217078 add (0.43762790457490874 mul x_3)))) add (0.534121920806381 mul x_8)) sub ((-0.8414277789861798 mul x_9) add ((-27.092079512673124 mul x_4) sub ((35.08902772376533 mul x_1) add ((0.3756621969581788 mul x_5) sub ((-4.131095932771051 mul ((0.07505127828619863 add (-2.5402555092649735 mul x_2)))**2) add (0.25277558668243033 mul ((-8.799526315284828 add (7.239344823248156 mul x_0)))**2)))))))))
596_fri_c2_250_5,success,5,lso,0.9023342806270618,0.3203992000747214,35,393.99833631515503,,0.1,(-0.3684160800776215 add (((-0.2363735885794345 mul x_4) sub (-1.5101482217853692 mul sin(((1.6012765666297126 mul x_1) add (1080.295226629128 mul (sin((-0.23835041163390114 add (-0.13386180030903524 mul x_1))) mul arctan((0.0013514653457051622 add (-0.004596951144849445 mul x_0))))))))) mul cos((2.7904307703111764 add (0.24012931436249024 mul x_3)))))
597_fri_c2_500_5,success,5,lso,0.9050467180230936,0.3025748812035008,38,315.9834620952606,,0.1,(0.008687347006595701 add ((0.1737632983167732 mul x_4) sub ((-0.2926606858632134 mul x_3) add (-1.5332266945975874 mul (cos((1.1378366777555755 add (-0.2465577795956528 mul x_1))) mul ((-2.0405101662501193 mul sin(((1.1710916072140771 mul x_1) add (0.944026513686864 mul x_0)))) add (-3.679158310690096 mul inv((-8.933076429485352 add (-3.9461561816306214 mul x_2))))))))))
598_fri_c0_1000_25,failed,0,lso,nan,nan,nan,nan,Input dimension 25 exceeds max_input_dimension 10,0.1,
599_fri_c2_1000_5,success,5,lso,0.900192202890599,0.3162823105217488,31,317.7990698814392,,0.1,(-0.5321760933365989 add ((0.14336078775576452 mul ((-0.21613081769311682 add (1.1196447852245874 mul x_2)))**2) add (1.4052164513659136 mul sin(((-0.06828716132417373 mul ((3.195297665341598 add (0.5998920167795266 mul x_1)))**3) add (3.714876362993276 mul cos((-0.6260682359359357 add (-0.49635444863775136 mul x_0)))))))))
601_fri_c1_250_5,success,5,lso,0.9010396563980487,0.331887415126788,25,298.52828884124756,,0.1,(-0.1540150170181669 add ((1.1671592336388859 mul cos(((-1.3800539387182629 mul x_1) add (-0.42067872988650257 mul exp((0.7630952162734271 add (0.8042366130917457 mul x_0))))))) add ((0.18964446640544247 mul x_4) sub (-0.36578142987363804 mul x_3))))
602_fri_c3_250_10,success,10,lso,0.8184759787452427,0.401087323006679,54,872.0293951034546,,0.1,(0.07325410557221679 add (inv((8.077620381379774 add (-0.8282047972528344 mul x_5))) mul ((2.545633607300048 mul x_3) sub ((-1.1910871825904912 mul x_4) add ((3.8909916874255255 mul (((-8.018751307543873 mul (((0.029334702545354814 mul x_7) sub (0.0053057917849915785 mul x_9)) mul x_2)) add (-97.5247989099009 mul cos((-7.879320808464811 add (-0.011242267837784486 mul x_1))))) mul sin(((1.1897933999850658 mul x_1) add (1.1072138304553414 mul x_0))))) add (-0.02673016068162127 mul (x_6 mul x_8)))))))
603_fri_c0_250_50,failed,0,lso,nan,nan,nan,nan,Input dimension 50 exceeds max_input_dimension 10,0.1,
604_fri_c4_500_10,success,10,lso,0.7636785182786274,0.5175212487442139,59,746.5455632209778,,0.1,(-0.5586757651338343 add (inv((48.71209398628812 add (-3.2962858905236954 mul x_2))) mul (((41.951479018429474 mul x_0) add (-1.6804463848723774 mul (((-4.008047239476191 mul x_0) sub (-0.5114878038183768 mul x_6)) mul ((1.7796443310258185 mul x_4) sub (0.30931315828346534 mul x_5))))) add ((16.921840412713586 mul x_3) add ((85.48789953871034 mul sin(((-1.1909076532063292 mul x_1) add (-1.1147558936443305 mul cos((2.3325096673627344 add (-1.5174840984914904 mul x_0))))))) sub (-5.327286481433475 mul inv((-5.739081842233992 add (-0.11052623531596509 mul x_4)))))))))
605_fri_c2_250_25,failed,0,lso,nan,nan,nan,nan,Input dimension 25 exceeds max_input_dimension 10,0.1,
606_fri_c2_1000_10,success,10,lso,0.8623325942369211,0.42213830699480004,55,986.833643913269,,0.1,(-1.88275191989206 add (inv((-84.21402474372714 add (-0.36729657160814827 mul x_5))) mul ((-4.466385679287335 mul x_3) add ((-5.966384588152021 mul x_3) sub ((7.466385324331615 mul x_3) add ((6.466385399751616 mul x_3) add ((8.375249170405738 mul abs((6.4441677012174345 add (1.7127143327774264 mul (cos((0.6812792431298831 add (1.084637668416144 mul x_1))) mul ((-8.496741807404774 mul arctan((-23.570710731517963 add (26.998261918775196 mul x_0)))) add (-0.848539425835657 mul x_7))))))) add (14.592885545420543 mul x_4))))))))
607_fri_c4_1000_50,failed,0,lso,nan,nan,nan,nan,Input dimension 50 exceeds max_input_dimension 10,0.1,
608_fri_c3_1000_10,success,10,lso,0.8289484668794508,0.5122478521232844,38,955.9745926856995,,0.1,(1.9665980592605825 add (inv((-46.395722117576895 add (8.70967002519058 mul x_2))) mul ((-19.230062167168224 mul x_3) sub ((-50.3042170166236 mul sin(((0.9946841335156485 mul x_0) add (1.2711288730033194 mul x_1)))) add ((1.4823173028942223 mul (x_5 mul x_8)) sub (3.309517072888206 mul ((-5.277888400338239 add (0.7950431419541316 mul x_4)))**2))))))
609_fri_c0_1000_5,success,5,lso,0.8997200681778591,0.3141031787147954,35,529.2159292697906,,0.1,(-0.07464780880564234 add ((0.29771134694943063 mul x_4) add ((0.5361507074860313 mul x_3) add ((0.3652895020626436 mul (x_2 mul x_2)) add ((-1.9885458877924973 mul inv((10.200184363879053 add (4.908014307378339 mul x_0)))) sub (0.7057921108937304 mul sin(((-1.1616120167088364 mul x_1) add (-0.8770352869115541 mul x_0)))))))))
611_fri_c3_100_5,success,5,lso,0.9422729137361421,0.25289397507394257,28,401.47904682159424,,0.1,(-0.05739937654776354 add (inv((-6.863582012966228 add (2.255045454602382 mul x_1))) mul ((-2.5338496321487667 mul x_3) add (-6.852302326898714 mul cos(((-1.1647133124192497 mul x_0) add (-0.7461873845990029 mul abs((-2.5786003113926896 add (-1.9484812973440402 mul x_1))))))))))
612_fri_c1_1000_5,success,5,lso,0.879613078219507,0.3349986562042028,38,458.9071662425995,,0.1,(0.9326768256519818 add ((0.379795974927685 mul x_3) sub (-0.24371214643328085 mul (cos((0.2771488912135621 add (-0.5085747836320657 mul x_0))) mul ((-0.3769029915655584 mul x_2) sub ((-0.7489330464208371 mul x_4) sub (-10.78927204759866 mul (cos((-2.043141468264769 add (-1.2781847842618799 mul x_1))) mul cos((4.063367151962053 add (-1.3491704831985925 mul x_0)))))))))))
613_fri_c3_250_5,success,5,lso,0.875910864095651,0.2636338882368691,36,597.1168427467346,,0.1,(-0.06800584767357173 add ((0.3525582995952277 mul x_3) add ((0.18629641406957434 mul (x_4 mul x_2)) sub (-0.07742448390250586 mul (((3.874674076733785 add (0.1829789411402744 mul (x_1 mul ((-2.366091268569166 add (0.15278023878657215 mul x_1)))**2))))**2 mul sin(((-1.293756863629146 mul x_1) sub (0.9922963648816152 mul x_0))))))))
615_fri_c4_250_10,success,10,lso,0.8539962124924446,0.3825905492717855,42,840.0858173370361,,0.1,(-0.014711191068100137 add (((-2.384368149856482 mul x_2) add ((-0.5958014488070982 mul x_5) sub ((2.3539167960603815 mul sqrt((85.85756148097492 add (-23.118278107918705 mul x_3)))) sub (-5.749881776582184 mul x_4)))) mul ((-0.021682107244049887 mul x_3) add (0.04642280182090229 mul sin(((1.4350183054138654 mul x_1) add (-1.0682359827040497 mul sqrt((38.32278870301357 add (-13.389949615975798 mul x_0))))))))))
616_fri_c4_500_50,failed,0,lso,nan,nan,nan,nan,Input dimension 50 exceeds max_input_dimension 10,0.1,
617_fri_c3_500_5,success,5,lso,0.759174777454014,0.41531568021756576,55,419.4307816028595,,0.1,(-0.2736692975057347 add (inv((8.010101129337032 add (-0.624766916685183 mul x_4))) mul ((-0.9996958688323861 mul x_1) add ((3.2082140548270703 mul x_3) sub ((-2.1500276803338227 mul (((0.3728299826634865 mul inv((12.655962670839367 add (-2.081604177932482 mul x_4)))) sub (0.04092457666377651 mul x_2)) mul ((-31.122351676272576 mul x_0) sub (12.021355710282696 mul x_4)))) sub (-9.448828682044068 mul cos(((1.2904452883979904 mul x_0) add (4.070067326628738 mul cos((8.529072379373602 add (-0.4833047534184779 mul x_1))))))))))))
618_fri_c3_1000_50,failed,0,lso,nan,nan,nan,nan,Input dimension 50 exceeds max_input_dimension 10,0.1,
620_fri_c1_1000_25,failed,0,lso,nan,nan,nan,nan,Input dimension 25 exceeds max_input_dimension 10,0.1,
621_fri_c0_100_10,success,10,lso,0.7120691515580266,0.4618680180422008,52,787.3810386657715,,0.1,(-4.171405487585115 add (inv((-10.03836928233753 add (1.3981880691643447 mul x_3))) mul ((-2.3069898141822973 mul x_1) add ((-2.86885267374012 mul x_4) add ((-2.5368260235071105 mul x_1) sub ((1.0533237549976313 mul x_8) add ((-6.976720947591586 mul x_0) sub ((-0.40182524358943367 mul abs((2.4357541873461863 add (18.30562286500714 mul x_2)))) sub ((44.532975568107474 mul arctan((1.1078317978704486 add (0.4943409564054347 mul x_0)))) add (-0.700736776494028 mul (x_6 mul x_9)))))))))))
622_fri_c2_1000_50,failed,0,lso,nan,nan,nan,nan,Input dimension 50 exceeds max_input_dimension 10,0.1,
623_fri_c4_1000_10,success,10,lso,0.7083874061738511,0.44266424622554557,55,923.5935614109039,,0.1,(0.052018315010653314 add ((((0.5218320145759656 mul (((0.17034157890255514 mul (((-1.9906857379031184 mul x_2) add (0.057677807373526464 mul x_7)) mul x_8)) sub (-0.24583475368013422 mul x_4)) mul ((-0.4155095451153577 mul x_6) sub (-0.6478083713198286 mul x_5)))) sub (0.723815985565029 mul abs((-1.0677005850384067 add (0.013153130641394804 mul x_9))))) sub (0.3449010894349224 mul x_0)) mul ((-0.4420454467614346 mul x_3) add (1.3779037381724835 mul sin(((1.4313888442495026 mul x_1) add (1.0248062974416126 mul x_0)))))))
624_fri_c0_100_5,success,5,lso,0.8794114217784517,0.40768366601746064,39,482.9890079498291,,0.1,(13.899202415148885 add ((0.9779795050654986 mul sin((8.520086179834898 add (-0.8118689769826944 mul x_0)))) add ((0.9820691983844942 mul sin((2.6032669694159614 add (-0.6955784759805702 mul x_3)))) add ((0.466620747156318 mul x_1) add (17.921705221240746 mul cos(((-0.027153667618345194 mul x_4) add (2.5803041239875175 mul sin((1.6094943452499166 add (-0.15172588891313418 mul x_2)))))))))))
626_fri_c2_500_50,failed,0,lso,nan,nan,nan,nan,Input dimension 50 exceeds max_input_dimension 10,0.1,
627_fri_c2_500_10,success,10,lso,0.716196176802977,0.5255756474806852,38,581.0090367794037,,0.1,(-1.3949943374506166 add (inv((-7.812630500873905 add (0.1401750575318963 mul x_5))) mul (arctan((-3.666793024109846 add (3.8899662631351997 mul x_1))) mul ((0.990131175860057 mul sqrt((89.35255628156723 add (11.278234280855356 mul x_4)))) add ((-1.366666427146294 mul x_2) add ((-5.318338925695464 mul x_0) sub (4.870565543504764 mul (x_0 mul x_1))))))))
628_fri_c3_1000_5,success,5,lso,0.8339460661789233,0.3996236513565918,42,372.75123929977417,,0.1,(0.01901949958405262 add (inv((7.867940610638531 add (-0.4526350248382732 mul (x_2 mul x_2)))) mul ((-4.832192100982608 mul x_2) add ((8.88222172880718 mul sin(((-1.5840152477087486 mul x_1) add (-1.744774661447799 mul sin((-0.3040006967202536 add (0.8364650407507259 mul x_0))))))) sub ((2.939116328564921 mul x_1) add ((-3.21031773023782 mul x_3) add (-5.8412739973855725 mul x_4)))))))
631_fri_c1_500_5,success,5,lso,0.946014585924722,0.27001934562894214,40,678.8504133224487,,0.1,(-0.22785192631024737 add ((0.39644933242389113 mul x_3) add ((0.19501703504682613 mul x_4) sub ((0.00948822359684705 mul x_2) sub (1.3908450779197457 mul cos((4.334492434760701 add (-0.462782998355602 mul (((-0.10454540227691567 mul ((5.782652604634785 add (-0.0049694180772653675 mul x_4)))**2) add (-1.7415268431558832 mul x_1)) mul ((1.3027551989281438 add (0.2099585591400884 mul x_0)))**2)))))))))
633_fri_c0_500_25,failed,0,lso,nan,nan,nan,nan,Input dimension 25 exceeds max_input_dimension 10,0.1,
634_fri_c2_100_10,success,10,lso,0.17742423453540124,0.8490994857590017,41,531.268984079361,,0.1,(-0.8583792863791524 add (inv((-32.735263136643816 add (2.0659131410643257 mul x_4))) mul ((11.573817476258245 mul x_2) sub ((16.673853160936947 mul x_3) add ((88.77545568044478 mul x_1) sub ((3.4410946385475323 mul x_0) add ((-6.389664862960696 mul x_4) add ((-3.0688859154417094 mul x_5) add (121.27584488858442 mul arctan((-0.38604690073126097 add (1.4670781110659454 mul x_1))))))))))))
635_fri_c0_250_10,success,10,lso,0.8316346081765444,0.3971212814566303,44,780.4586777687073,,0.1,(-14.218560480028065 add (inv((-13.412585427597747 add (0.39678490076735956 mul x_0))) mul ((-5.079249834825644 mul x_1) sub ((3.8073823802100577 mul x_4) add ((0.12851556966269365 mul abs((1.7567657279932236 add (-62.8490068385249 mul x_2)))) sub ((-8.241847997268893 mul x_3) sub ((-0.5826792323150579 mul x_6) sub (-186.07209651027622 mul sin((1.560764334315255 add (0.14834825603042281 mul (x_0 mul x_1))))))))))))
637_fri_c1_500_50,failed,0,lso,nan,nan,nan,nan,Input dimension 50 exceeds max_input_dimension 10,0.1,
641_fri_c1_500_10,success,10,lso,0.8752413575824118,0.3482247844805182,64,966.9631812572479,,0.1,(-1.0905302364309517 add (inv((-78.67610324319853 add (4.1486000633483355 mul x_2))) mul ((-15.77346974374021 mul x_3) sub ((14.773463423383213 mul x_3) add ((1.0189622200326622 mul (x_1 mul (x_1 mul x_5))) sub ((-0.2821316481464617 mul (inv((-16.111070983117504 add (1.87107599949362 mul x_4))) mul ((0.09005665530009527 mul x_9) add (-5.568834071207495 mul ((31.9594757446412 add (-6.186705425361715 mul x_1)))**2)))) sub (106.41705792929315 mul sin(((-52.2266450480123 mul (x_0 mul sin((0.020533050112744925 add (0.02449731379792016 mul x_1))))) add (-0.0028728913711802643 mul x_7))))))))))
643_fri_c2_500_25,failed,0,lso,nan,nan,nan,nan,Input dimension 25 exceeds max_input_dimension 10,0.1,
644_fri_c4_250_25,failed,0,lso,nan,nan,nan,nan,Input dimension 25 exceeds max_input_dimension 10,0.1,
645_fri_c3_500_50,failed,0,lso,nan,nan,nan,nan,Input dimension 50 exceeds max_input_dimension 10,0.1,
646_fri_c3_500_10,success,10,lso,0.6187830330263491,0.5419857913725633,49,869.5579335689545,,0.1,(-0.08083528674573821 add ((-0.7447353478302763 mul x_0) add ((0.03535726332969923 mul x_6) sub ((-0.01633668071168304 mul ((x_7 mul ((1.5972466799244895 mul x_2) sub (-0.8926608369978931 mul x_8))) mul x_8)) add ((-0.4082263482925458 mul x_3) sub ((0.032619592469159804 mul abs(((-1.2200634781941524 mul x_7) add (10.343732958387369 mul x_4)))) add (1.4486983365437671 mul (x_1 mul sin((-8.075895121695712 add (1.8086322327819389 mul x_0)))))))))))
647_fri_c1_250_10,success,10,lso,0.8147846824071593,0.4402222091305492,51,559.800861120224,,0.1,(-0.39052195841229176 add ((0.372480345750365 mul x_3) sub ((0.005870567415254176 mul (((x_0 mul (x_6 mul x_1)) mul (x_5 mul inv((-0.4074771552694145 add (-8.990596015510155 mul x_8))))) mul ((-14.339407927224315 mul x_2) sub (7.936576237449473 mul x_1)))) add (1.2843758331760442 mul sin((5.999715690186672 add (-0.21082112631289074 mul (((9.365310323660301 add (6.0584601943233825 mul x_0)))**2 mul inv((9.010130169681846 add (1.445715697732912 mul x_2)))))))))))
648_fri_c1_250_50,failed,0,lso,nan,nan,nan,nan,Input dimension 50 exceeds max_input_dimension 10,0.1,
649_fri_c0_500_5,success,5,lso,0.7835838408264924,0.4700184484397301,31,374.7149889469147,,0.1,(-14.642672331454943 add (inv((2.1659880069992754 add (-0.041390146988522405 mul (x_2 mul x_2)))) mul ((1.0210389437591427 mul x_0) sub ((-1.1698033696806 mul x_3) sub ((0.5760984690529181 mul x_4) sub (-31.990589777059864 mul sin((1.419329064504865 add (0.16985844943758652 mul x_1)))))))))
650_fri_c0_500_50,failed,0,lso,nan,nan,nan,nan,Input dimension 50 exceeds max_input_dimension 10,0.1,
651_fri_c0_100_25,failed,0,lso,nan,nan,nan,nan,Input dimension 25 exceeds max_input_dimension 10,0.1,
653_fri_c0_250_25,failed,0,lso,nan,nan,nan,nan,Input dimension 25 exceeds max_input_dimension 10,0.1,
654_fri_c0_500_10,success,10,lso,0.8087902193622711,0.4100157573332916,47,777.8350653648376,,0.1,(-0.9421797569192261 add (inv((77.85098440189412 add (-0.3364908733872147 mul x_5))) mul ((1.1507869170200558 mul x_6) sub ((-45.3479526191739 mul x_3) sub ((6.653957660089004 mul abs((0.46681609122449585 add (8.885155341199885 mul x_2)))) add ((22.56460727191414 mul x_4) add ((64.8012702369559 mul arctan((2.324416588855309 add (1.948028748721324 mul x_1)))) sub (0.8176187468520011 mul ((3.9237076656606273 add (-5.205582357798879 mul x_0)))**2))))))))
656_fri_c1_100_5,success,5,lso,0.8796425066297909,0.3618851159177739,32,360.52146458625793,,0.1,(-0.3448678889174005 add ((0.3926576410178045 mul x_3) add ((0.23143926676851942 mul x_4) add (1.239702543979934 mul sin(((0.37669618686794953 mul x_1) add (0.5790129858330217 mul abs(((-0.646499309791454 mul x_2) add (4.999238980840788 mul ((0.8138936777570608 add (0.36543062379683716 mul x_0)))**2))))))))))
657_fri_c2_250_10,success,10,lso,0.8314394557297604,0.4240381824071712,57,757.2991003990173,,0.1,(0.4558538122099204 add (exp((-3.264632141626337 add (1.0887570707163061 mul x_0))) mul ((-0.8684578130890191 mul (((0.12540037730827142 mul x_4) sub (1.3363217873324784 mul x_2)) mul x_3)) sub (-0.4091986038670445 mul (((-0.09222968781477199 mul x_3) add (3.5768420134113397 mul arctan((0.08313204068741979 add (0.1661759244660412 mul (x_1 mul exp((0.9077270458419596 add (-0.05709543694594545 mul x_3))))))))) mul ((-0.5143332313805338 mul ((5.123769531881423 add (-1.625173152250781 mul (x_1 mul x_0))))**3) sub (-1.8324176810222799 mul x_4)))))))
658_fri_c3_250_25,failed,0,lso,nan,nan,nan,nan,Input dimension 25 exceeds max_input_dimension 10,0.1,
659_sleuth_ex1714,success,7,lso,0.37171267742579506,1771.4930658643884,44,889.8451161384583,,0.1,(12368.409424682277 add ((-1.305525301334729 mul (((0.09750652944305584 mul x_1) add (-6.129820486422649 mul arctan((-0.3629397897797787 add (0.11869072748901692 mul x_5))))) mul abs((-214.89290220301095 add (17.9560102810883 mul x_2))))) add ((-13.026425923691013 mul ((5.889206483671893 add (-0.2466586478057342 mul x_3)))**2) add (0.3725148519117738 mul (((-2.6948182029994503 mul x_4) sub (-58.83098776753357 mul x_6)) mul x_0)))))
665_sleuth_case2002,success,6,lso,-0.03306724762541435,8.460301079443484,38,491.9873652458191,,0.1,(10.340727050135175 add ((5.853801051113567 mul arctan((-21.55005903793731 add (2.427499748413817 mul x_5)))) add ((-2.0131192762402823 mul x_0) sub (-0.013634289445801449 mul (((3.000978994678553 mul x_2) sub (0.03202507324002187 mul x_4)) mul ((-2.3704587368056114 add (-56.61789565453137 mul (inv((-23.884804369340966 add (27.704722614252656 mul x_3))) mul x_1))))**2)))))
666_rmftsa_ladata,success,10,lso,0.5315379970856033,2.364822118207645,33,436.17645239830017,,0.1,(3.021399842621387 add ((0.724993793261478 mul (inv((34.5886443886083 add (-0.1393247451985973 mul x_0))) mul abs(((-12.502737067794508 mul cos((9.888758216260886 add (-85.89366651389585 mul x_2)))) add (-0.7394689846299085 mul x_1))))) sub (0.6165948934851716 mul cos((12.572258792026826 add (56.72819501402303 mul x_3))))))
678_visualizing_environmental,success,3,lso,0.024310130763063542,3.8113292665429332,37,346.1198093891144,,0.1,(12.471181403482618 add ((1.2596672621714904 mul sin((-1.840392653215786 add (-0.15547203301051327 mul x_1)))) sub ((0.06686036083617733 mul x_0) add (-18.565105555786033 mul (sin((-4.391259060466487 add (-76.61506772493574 mul x_2))) mul cos((-8.040669945493825 add (-0.601749235139372 mul (inv((0.12138231759222912 add (-11.228522102541426 mul x_0))) mul x_2)))))))))
687_sleuth_ex1605,success,5,lso,0.1444674084948454,12.01100259106444,59,488.1436998844147,,0.1,(41.12253460699665 add ((0.765303893815817 mul x_4) sub ((-0.682154517976321 mul (((-2.4633895734792146 mul x_1) add (183.343212818695 mul arctan((-0.4009519957834182 add (59.99436191971909 mul x_2))))) mul ((-0.0016849637071817188 mul ((28.077711409611283 add (-0.28624424255306974 mul x_2)))**2) sub (-3.290854486383318 mul exp((2.535174331863494 add (-0.8607927034478501 mul x_0))))))) sub ((-0.08862401767924727 mul x_3) sub ((-0.2 mul x_7) add ((-5.0 mul x_5) sub (-0.5258166965895591 mul abs((106.99062673093314 add (-0.8424458797708524 mul x_4))))))))))
690_visualizing_galaxy,success,4,lso,0.3505008142341186,74.54309742670048,53,683.6879236698151,,0.1,(1580.625422025203 add ((0.83217964191479 mul ((6.760275860180821 add (-0.2739003748764343 mul x_1)))**2) sub ((-0.2462324048775616 mul (((1.2966082943242039 mul ((7.2632256748981625 add (15.682172940630611 mul (sin((-5.165715325324762 add (-6.312528580514385 mul x_2))) mul sin((5.331725902395361 add (8.264732735239651 mul x_0)))))))**2) sub (4.168380708244826 mul x_3)) mul ((0.1464802167913857 mul x_0) add (-0.5 mul x_5)))) sub (0.7000000000000001 mul (x_4 mul (x_2 mul x_8))))))
695_chatfield_4,failed,0,lso,nan,nan,nan,nan,Input dimension 12 exceeds max_input_dimension 10,0.1,
712_chscase_geyser1,success,2,lso,0.793732537777687,5.625078773838434,25,262.0606598854065,,0.1,(32.436004909987204 add ((11.05383879822179 mul x_1) sub ((0.0900551722883262 mul x_0) add (5.836906159452165 mul (sin((-8.45896369580763 add (13.535180275262677 mul x_1))) mul cos((12.562943744958426 add (-8.664234494917467 mul x_0))))))))
feynman_III_10_19,success,4,lso,0.9838778679344669,0.8426894113680377,25,486.0670716762543,,0.1,(-1.9672148664307831 add (((0.6922202910010781 add (0.18531589685052155 mul x_0)))**2 mul ((1.0055612377288563 mul x_3) add ((1.03310343816623 mul x_2) add (38.57479394926382 mul inv((12.466845797652928 add (-1.5559912583955444 mul x_1))))))))
feynman_III_12_43,success,2,lso,0.9957871052345129,0.056544414514276366,10,150.2007031440735,,0.1,(-0.03250492572296154 add (x_0 mul abs((-0.010758479907793632 add (0.16938161756474962 mul x_1)))))
feynman_III_13_18,success,4,lso,0.9716801175848186,81.19320189279343,24,310.39630031585693,,0.1,(-9.894962466422111 add (((-0.7735945232192513 add (-0.25127584907266354 mul x_2)))**2 mul (((0.8451799643670451 add (4.25336348858811 mul x_1)))**2 mul exp(((0.3361710774305384 mul x_0) sub (0.4264452246903001 mul x_3))))))
feynman_III_14_14,success,5,lso,0.9867607546704441,0.9299917096834301,28,368.39450764656067,,0.1,(0.9007831596800718 add (((0.41757644895678336 add (-4.611606939367476 mul x_1)))**2 mul (inv((-16.74245077892116 add (22.837096712275958 mul x_3))) mul exp(((1.2774237625190894 mul x_2) sub ((1.6706530184044823 mul x_4) sub (0.33648791379124154 mul x_0)))))))
feynman_III_15_12,success,3,lso,0.9949406145342131,0.3445931708142779,29,560.4962887763977,,0.1,(0.040589179917966844 add (((-0.11820976197189666 add (-0.040303575860884254 mul x_0)))**2 mul (((14.01443534290694 mul cos((7.8283544587998275 add (-17.23875729572088 mul (x_2 mul cos((-7.854540904351735 add (0.02908958531919332 mul x_1)))))))) add (0.5 mul x_5)))**2))
feynman_III_15_14,success,3,lso,0.9338292512469286,0.0023819372122662334,22,10.606029748916626,,0.1,(0.002113913623613724 add (inv((-25.727988672447058 add (107.34658723504333 mul x_1))) mul exp(((-38.60250492284195 mul cos((4.693026998683688 add (0.0323260905839468 mul x_2)))) add (0.7895840484340079 mul x_0)))))
feynman_III_15_27,success,3,lso,0.9939805603153955,0.1830023423199195,23,246.2677707672119,,0.1,(0.023968376870644428 add (inv((-0.3054142623304443 add (2.044696261174034 mul x_2))) mul ((21.962010563335813 mul exp(((-0.987964967928034 mul x_1) add (0.37536977005175587 mul x_0)))) sub (-2.4246834338773815 mul x_0))))
feynman_III_17_37,success,3,lso,0.9776712806136814,0.7470353429855534,22,368.0220453739166,,0.1,(2.0862100006785296 add (cos((-0.24790272402064809 add (1.0751319675473532 mul x_2))) mul (((1.7656026972597514 add (0.40538672836705353 mul x_0)))**2 mul abs((-0.04605581900524935 add (0.32464548428176176 mul x_1))))))
feynman_III_19_51,success,5,lso,0.9523066291841583,0.06758341746805638,26,346.80653285980225,,0.1,(-0.003022562095549401 add (exp(((1.036297815738746 mul x_1) add (-1.039054763392072 mul x_2))) mul (inv((1.0867249263087277 add (-1.4485742134837785 mul x_3))) mul exp(((-0.9401314493153908 mul x_4) add (0.30444344755241415 mul x_0))))))
feynman_III_21_20,success,4,lso,0.990009126546967,1.7935205059308241,24,229.47376465797424,,0.1,(0.4490283245540595 add (((-3.418056092936949 add (-1.2188858886970437 mul x_0)))**2 mul (inv((-0.23703058180501885 add (-1.3524155594798732 mul x_3))) mul ((-0.4526359210355214 add (-0.04564897770433323 mul (x_2 mul x_1))))**2)))
feynman_III_4_32,success,4,lso,0.9914133080156071,0.7991719344339693,24,327.0745265483856,,0.1,(-0.2788179606014308 add (inv((0.9184509062455484 add (7.63167737889167 mul (x_0 mul x_1)))) mul (((4.060140614511485 mul x_2) add (16.827263808236015 mul cos((1.8869721331090397 add (-0.27066950343809243 mul x_3))))))**2))
feynman_III_4_33,success,4,lso,0.9900277350589136,0.5101482403343353,16,301.36548233032227,,0.1,(-0.6479146889945823 add (x_2 mul ((1.0221444196287284 mul x_3) sub (0.12374851527612447 mul arctan((-684553.8349661026 add (266244.3597359055 mul x_1)))))))
feynman_III_7_38,success,3,lso,0.9796149392997857,4.564695009196189,22,363.72663259506226,,0.1,(-1.437928402324625 add (abs((0.06381073496051172 add (2.2569155695090974 mul x_1))) mul exp(((0.33380482325781297 mul x_0) add (3.136570481730833 mul exp((-0.04022564935398012 add (-0.5201408819064137 mul x_2))))))))
feynman_III_8_54,success,3,lso,-0.12218627827192674,0.38781289690995274,35,242.08544921875,,0.1,(0.3493234227072811 add ((((-0.5930073322399274 mul cos((6.611904709587557 add (-2.502985384059778 mul x_2)))) add (1.6609486011460872 mul inv((8.542705235470967 add (-10.981784812608185 mul x_1))))))**2 mul cos((-3.624247594739883 add (5.328187441289543 mul (x_1 mul ((0.18923197229761424 mul x_0) add (0.08036801078599563 mul x_1))))))))
feynman_III_9_52,success,6,lso,0.4848414010797044,12.216009378953006,47,690.5530865192413,,0.1,(1195.5033756373793 add (inv((-155.4782670610868 add (-0.13550613329848107 mul x_2))) mul ((0.9 mul x_7) sub ((-109.87412916601366 mul (abs((0.9349695306266764 add (-0.006134013224541791 mul x_0))) mul ((-42.50747645140094 add (-0.14082881338079006 mul x_3)))**2)) sub ((-1415.0188034309353 mul x_1) sub (-4.132952669188769 mul (((0.3332397995306707 mul x_1) add ((-10.11199422906756 mul x_4) sub (-9.776728557176513 mul x_5))))**2))))))
feynman_II_10_9,success,3,lso,0.9979519317862016,0.008843122607158563,22,254.07259345054626,,0.1,(-0.028712157914182527 add (inv((15.076956893178878 add (11.524489452572428 mul x_2))) mul (inv((0.2664820331765628 add (1.2893411750743926 mul x_1))) mul abs((4.3980428653493435 add (18.186285376146344 mul x_0))))))
feynman_II_11_20,success,5,lso,0.9831923277717821,1.0668521819643888,31,116.31391143798828,,0.1,(0.23127192530060736 add (((-1271.3976184530263 add (-446.41831023889483 mul x_0)))**2 mul (((-167.0155507600118 add (902.8167492072528 mul x_1)))**2 mul exp(((0.3933245989631558 mul x_2) add (21.230340781558056 mul arctan((-4.427082089259028 add (-1.0177484453101666 mul (x_4 mul x_3))))))))))
feynman_II_11_27,success,4,lso,0.9901755330509681,0.05371001349288892,19,324.8097803592682,,0.1,(0.020492317746844027 add (((0.1915454624418788 add (0.6470578334491484 mul x_1)))**2 mul abs((-0.2789575980613062 add (2.1580222089329713 mul (x_0 mul (x_3 mul x_2)))))))
feynman_II_11_28,success,2,lso,0.9910358838915023,0.03066002469728003,15,264.6936230659485,,0.1,(0.9640314710655102 add (sin((6.28302823118384 add (0.006193101474645393 mul x_1))) mul ((4.0110733125824485 add (11.85756841694553 mul x_0)))**2))
feynman_II_11_3,success,5,lso,0.9249715895634889,0.035464679931413765,21,382.78849482536316,,0.1,(-0.0011565798064344741 add (inv((0.2564778218133034 add (1.4783715395123556 mul x_2))) mul exp(((0.512313492361926 mul x_1) add ((0.4609401585024304 mul x_0) sub (0.6736336860535772 mul x_3))))))
feynman_II_13_17,success,4,lso,0.9821648313108736,0.0032193018566195586,26,120.38680696487427,,0.1,(-0.004305113549669163 add (x_2 mul (inv((10.07869333017614 add (24.182240416034986 mul x_0))) mul inv(((21.167031602148025 mul cos((1.6016718106477779 add (-0.02365814816187095 mul x_1)))) sub (-0.2794176488200528 mul (x_3 mul x_1)))))))
feynman_II_13_23,success,3,lso,0.9899611952805197,0.11061519607226031,10,173.49255657196045,,0.1,(0.09805780283078518 add (inv((0.8510576490137968 add (0.020594260905410645 mul x_2))) mul x_0))
feynman_II_13_34,success,3,lso,0.9894471058237249,0.2149666913983003,16,347.3943817615509,,0.1,(0.6059844636339162 add (sin((3.1367601718724623 add (0.012865348118621701 mul x_1))) mul ((-111.26792351196237 mul x_0) sub (-6.954624207408218 mul x_2))))
feynman_II_15_4,success,3,lso,0.9988123119163628,0.1940614255855165,18,264.8704001903534,,0.1,(0.30902884776206696 add (((0.02913996883802466 mul x_2) add (-0.9966611356990486 mul x_0)) mul (cos((6.36202598846925 add (-1.025105972004599 mul x_2))) mul x_1)))
feynman_II_15_5,success,3,lso,0.9990264461512977,0.1516241661370301,22,331.32931900024414,,0.1,(-0.0697528872366477 add (sin((9.403324125095352 add (0.16879207342153715 mul x_0))) mul (sin((1.5302205460407106 add (-0.9900814921044545 mul x_2))) mul abs((0.732173206273547 add (6.313299313882588 mul x_1))))))
feynman_II_21_32,success,5,lso,0.9257668469976186,0.014487101004131106,24,180.90910243988037,,0.1,(0.0013011221194771327 add (inv((-1.752219155587771 add (29.32011503713703 mul x_1))) mul (((0.3313544931187686 mul x_0) add (4.5944343734257655 mul exp(((-0.5157684013270653 mul x_2) add (-0.05615401879606806 mul x_4))))))**2))
feynman_II_24_17,success,3,lso,0.981325245412324,0.11178700039871996,16,306.61851692199707,,0.1,(4.658606075934661 add ((0.6662571418630797 mul x_0) sub (5.816010980208531 mul sin(((-0.06055971108676378 mul x_2) add (0.7736617266957737 mul x_1))))))
feynman_II_27_16,success,3,lso,0.9978731895158247,3.963354240438356,22,356.6777846813202,,0.1,(0.5435502411850868 add (((-0.15308021767790467 add (3.3902655061562292 mul x_2)))**2 mul (((3.7070153161303168 add (1.451841227064661 mul x_1)))**2 mul cos((10.995037536717593 add (0.004156579643790678 mul x_0))))))
feynman_II_27_18,success,2,lso,0.9978901124915854,0.9509902264355141,10,256.41777873039246,,0.1,(-0.0017695390704563134 add (((0.12449462648007327 add (0.9557858156512602 mul x_1)))**2 mul x_0))
feynman_II_2_42,success,5,lso,0.9779778023736877,1.1626997031520572,22,275.4237267971039,,0.1,(0.12405675696185262 add (((1.2675646132694642 mul x_2) sub (1.2891949984122948 mul x_1)) mul exp(((0.381706715065837 mul x_3) sub ((0.5097892397143695 mul x_4) sub (0.36166423927896546 mul x_0))))))
feynman_II_34_11,success,4,lso,0.9672731663205163,0.6413022838024642,24,439.402765750885,,0.1,(-0.26438171345469397 add ((((2.4517385821222786 mul inv((-0.24430582323680158 add (-4.981664265107091 mul x_3)))) add (-0.07096463900034429 mul x_1)))**2 mul abs((-1.3593425792811333 add (-3.355534783006096 mul (x_2 mul x_0))))))
feynman_II_34_2,success,3,lso,0.9967442449972771,0.712969320839749,17,218.4796073436737,,0.1,(-2.3313713158698 add (((2.7640201019503197 add (0.6901155195873314 mul x_1)))**2 mul abs((-0.10865389618446993 add (-0.06080385772248236 mul (x_0 mul x_2))))))
feynman_II_34_29a,success,3,lso,0.9831861672414579,0.025991087373497826,17,248.4202356338501,,0.1,(-0.06184778997080463 add (inv((2.1282419850950287 add (5.623089534122494 mul x_2))) mul exp(((0.2870149434069503 mul x_1) add (0.26234328981378274 mul x_0)))))
feynman_II_34_29b,success,5,lso,0.9929816355786745,9.893491505233792,31,277.82478380203247,,0.1,(12.122000198497592 add (abs((-0.11021389971668087 add (0.4165172974912004 mul x_3))) mul abs((6.959444770711608 add (-8.902392725345752 mul (((0.8399113314728001 add (0.3086086394734919 mul x_4)))**2 mul (x_0 mul (inv((-0.0676352450415271 add (0.6357758891661494 mul x_1))) mul x_2))))))))
feynman_II_34_2a,success,3,lso,0.9841744415476449,0.05692863129879115,17,206.45115733146667,,0.1,(-0.06437051018762191 add (inv((0.4974280231673806 add (3.795126809902652 mul x_2))) mul exp(((0.30457805706658947 mul x_1) sub (-0.28253122364316213 mul x_0)))))
feynman_II_35_18,success,5,lso,0.9514613555000578,0.06374759981420429,27,378.8005359172821,,0.1,(0.04070726678021119 add (abs((0.302072355308313 add (-2.3459714490073895 mul x_0))) mul ((-0.04619940353075447 mul x_4) sub ((0.045633200565491416 mul x_3) add (0.4061329081758501 mul arctan(((-0.24091661129861516 mul x_2) add (-0.2451228930071816 mul x_1))))))))
feynman_II_35_21,success,5,lso,0.9778326711745521,0.6997565411007627,28,411.7762203216553,,0.1,(-0.675435569897904 add (((-1.2390132024304525 add (-0.4006479601878027 mul x_0)))**2 mul (((-0.4420997951555584 add (-0.2520516298145357 mul x_1)))**2 mul cos(((0.19408148590570865 mul x_4) add ((0.1751323140407478 mul x_3) add (-0.18907182552824398 mul x_2)))))))
feynman_II_36_38,success,8,lso,0.9090232424974127,0.27812931122355816,48,699.6395938396454,,0.1,(0.1406154144952059 add (inv((-0.20212024208102092 add (2.1605822901546667 mul (x_2 mul exp(((-0.65530808600274 mul x_0) add (0.5357584124627465 mul x_3))))))) mul ((-0.04625258169588936 mul (((-3.7315868394737284 mul x_4) sub (-9.648555804910918 mul x_0)) mul x_5)) add ((0.5792407100939219 mul x_0) add ((1.5479613902980018 mul x_1) add (16.84328795438571 mul exp(((-2.5722212877803146 mul x_6) add (0.5201150484183648 mul x_7)))))))))
feynman_II_37_1,success,3,lso,0.9818693372124382,3.2574609742455714,17,220.35973000526428,,0.1,(-0.5846660155728712 add (abs((-0.06817597484937786 add (-1.9743333140191013 mul x_0))) mul exp(((0.23561523913826277 mul x_2) sub (-0.32819181545362724 mul x_1)))))
feynman_II_38_14,success,2,lso,0.9997113135017538,0.003850732206588505,15,114.79489970207214,,0.1,(0.0013919115735338639 add (inv((0.009674224745916475 add (0.009251477880035388 mul x_1))) mul arctan((-0.00034984473651870543 add (0.004779588994982862 mul x_0)))))
feynman_II_38_3,success,4,lso,0.9855977923863652,1.229925336337141,24,331.61270451545715,,0.1,(-0.36295290201280433 add (exp(((0.3373608282438974 mul x_0) add (0.3268963920437916 mul x_1))) mul (inv((0.1914411086592354 add (4.174041389403132 mul x_2))) mul abs((-0.09166673067701774 add (4.7560872632602775 mul x_3))))))
feynman_II_3_24,success,2,lso,0.9813803541629007,0.005048190792778895,10,82.22101664543152,,0.1,(0.00998379074555369 add (exp((-1.2182033238551808 add (-1.4303588717932343 mul x_1))) mul x_0))
feynman_II_4_23,success,3,lso,0.9736466450537479,0.004423712085516134,22,187.00612568855286,,0.1,(-0.0009513091986384022 add (inv((0.9584713821759547 add (24.42761302919949 mul x_1))) mul (((0.2321171843336148 mul x_0) add (3.023756108383351 mul inv((0.31309128661146485 add (1.3711005186299512 mul x_2))))))**2))
feynman_II_6_11,success,4,lso,0.9181307698042366,0.00549726049892646,31,129.26944780349731,,0.1,(0.031125571512884632 add (inv((-8.491114526615592 add (-2.312562661057355 mul x_0))) mul ((-0.32256176400263464 mul (exp(((0.7114500454874082 mul x_1) add (-1.1404620934982388 mul x_3))) mul ((-1.6542261051454332 mul x_2) sub (-0.807634078573765 mul x_1)))) add (0.13214191756864224 mul x_3))))
feynman_II_6_15a,success,6,lso,0.9767323942537118,0.06188616808572246,28,264.89346504211426,,0.1,(0.014333391187051911 add (exp(((-3.9488061877883993 mul x_2) add (-0.6097199839841068 mul x_0))) mul (exp((3.289045691313959 add (0.195242325676447 mul x_3))) mul exp(((0.3749306209705083 mul x_4) add (0.21903105745763368 mul (x_1 mul x_5)))))))
feynman_II_6_15b,success,4,lso,0.9805631025955721,0.004439366399468993,29,126.48367071151733,,0.1,(0.0017556199794396066 add (inv(((0.0006696055658563996 mul ((2.0851851493378204 add (25.983238075606387 mul x_3)))**2) add (-0.15185051581562797 mul x_1))) mul (inv((0.7741435989003579 add (17.09231922763581 mul x_0))) mul sin((2.9317934491007214 add (-1.9024072254412745 mul x_2))))))
feynman_II_8_31,success,2,lso,0.9992476986465986,0.3308499149760437,15,358.74540877342224,,0.1,(-0.30407314054912465 add (((0.09258059982326412 add (2.127909564286505 mul x_1)))**2 mul cos((1.5730251602594638 add (-0.11480584649166783 mul x_0)))))
feynman_II_8_7,success,3,lso,0.932695619278749,0.014194123038128201,17,246.87527465820312,,0.1,(0.012316322716391033 add (((-0.092678459574233 add (0.334048964284691 mul x_0)))**2 mul exp(((-0.5216427387163496 mul x_2) add (-0.4942831653239661 mul x_1)))))
feynman_I_10_7,success,3,lso,0.9889533559497645,0.12327759889601571,13,156.2954113483429,,0.1,(0.2853709001263063 add ((-0.08320977564827456 mul x_2) add ((1.0802744152016597 mul x_0) add (0.11902989299964889 mul x_1))))
feynman_I_11_19,success,6,lso,0.9472788629132309,2.034727141623221,23,142.58402490615845,,0.1,(-20.750333358117615 add ((2.6835575990242098 mul x_3) add ((3.669704600693745 mul x_2) sub ((-3.2038064304601623 mul x_5) sub ((2.839519411032557 mul x_0) add (1.1697504147222788 mul (x_1 mul x_4)))))))
feynman_I_12_1,success,2,lso,0.9994378794660242,0.1046099526337411,10,222.80241775512695,,0.1,(0.11191671656948955 add (abs((0.040058816902006474 add (0.9720048779601772 mul x_1))) mul x_0))
feynman_I_12_11,success,5,lso,0.9595849329584303,4.975656233022293,27,502.16273832321167,,0.1,(3.9051527429099457 add (((0.24533444054383893 mul x_1) add (3.6858690895435746 mul sin(((0.09000000000000001 mul x_5) add (1.0160206373032108 mul x_4))))) mul exp(((0.35146134152754444 mul x_0) add (0.08596152323614473 mul (x_2 mul x_3))))))
feynman_I_12_2,success,4,lso,0.9901272188631295,0.012168935504841,24,181.54047870635986,,0.1,(-0.005278083606644485 add (exp(((-0.3590344530236801 mul x_2) add (0.3186328746802038 mul x_1))) mul exp(((0.2921412793301303 mul x_0) add (-4.091888326756592 mul arctan((0.015737355019922995 add (0.5667543322121915 mul x_3))))))))
feynman_I_12_4,success,3,lso,0.9749883506397582,0.00434341444613193,22,138.9988465309143,,0.1,(0.003875066201917879 add (exp((-6.375940319138797 add (-1.256535450243682 mul x_2))) mul (((2.485498706112522 mul x_0) add (3.7062759897667985 mul exp((2.141856362164778 add (-0.8287765204851368 mul x_1))))))**2))
feynman_I_12_5,success,2,lso,0.9994332526226666,0.11509830089023719,10,204.32188248634338,,0.1,(0.25009038804453676 add (abs((0.1552357678386393 add (-1.0218893447276332 mul x_0))) mul x_1))
feynman_I_13_12,success,5,lso,0.9613137670428751,1.8254154233974609,34,395.3746654987335,,0.1,(-0.18064566801562665 add (exp(((0.3572653375088809 mul x_4) add (0.2909164511668224 mul x_0))) mul (inv((-3.4955803814027293 add (17.637637274089666 mul x_2))) mul (exp(((0.2849927030448255 mul x_1) add (-0.4092689026289093 mul x_3))) mul ((29.251742992775338 mul x_2) sub (28.738640937408896 mul x_3))))))
feynman_I_13_4,success,4,lso,0.9752288618549968,4.077173432162367,21,367.631751537323,,0.1,(-18.040540471507786 add (((2.6131543002640076 add (0.48604118969164983 mul x_0)))**2 mul exp(((0.14155752133053756 mul x_3) add ((0.14967962951235386 mul x_1) sub (-0.13825708435185344 mul x_2))))))
feynman_I_14_3,success,3,lso,0.9983703051068331,0.6810340334307582,20,166.57538890838623,,0.1,(0.9883774253286962 add (((-1.1620254567479573 add (-0.015501103070739288 mul x_0)))**2 mul ((0.6686977941103427 mul (x_2 mul (x_1 mul x_0))) sub (0.030828348123237044 mul x_1))))
feynman_I_14_4,success,2,lso,0.9984143496926516,0.5265069952025723,15,141.3431098461151,,0.1,(0.7863721319225582 add (((-0.47342603015460544 add (1.5323078106015497 mul x_1)))**2 mul abs((0.01780678732972342 add (-0.24572888452071384 mul x_0)))))
feynman_I_15_10,success,3,lso,0.9787379749385752,0.306862093787387,10,253.41565108299255,,0.1,(0.06645120067738687 add (x_0 mul abs((-0.12004301657886929 add (1.1131606751942043 mul x_1)))))
feynman_I_15_3t,success,4,lso,0.9923691859563506,0.10375248560866959,9,131.14693474769592,,0.1,(0.010215181342698382 add ((1.0816064029448638 mul x_3) sub (0.08233536030956527 mul x_0)))
feynman_I_15_3x,success,4,lso,0.9872906187192084,0.1728874567386062,17,333.76528811454773,,0.1,(2.1922032406767253 add ((-0.03478204830160938 mul x_2) add ((-1.4292048958129908 mul x_3) sub ((-1.0396206827271484 mul x_0) add (1.3911396988563403 mul x_1)))))
feynman_I_16_6,success,3,lso,0.9739440680406047,0.20654749618191023,20,223.72065925598145,,0.1,(-0.3226730892496745 add ((0.9572551049195192 mul x_0) add (-0.5430275682811583 mul sin(((-0.6160669410724654 mul x_1) add ((-0.6380840736167642 mul x_2) add (0.7089183235837107 mul x_0)))))))
feynman_I_18_12,success,3,lso,0.9987238208562751,0.2636404730797047,22,23.44764471054077,,0.1,(0.028956467230171177 add (((1.4881897694224193 add (0.5477995394498035 mul x_1)))**2 mul (sin((0.004260167986952618 add (1.002768954953858 mul x_2))) mul abs((-0.01653741894063751 add (0.298734074256877 mul x_0))))))
feynman_I_18_14,success,4,lso,0.9908868792379272,2.0100409540086264,24,44.61272835731506,,0.1,(-0.4040584203389491 add ((exp(((0.33182926868425644 mul x_1) add (0.34995080399266926 mul x_2))) mul ((0.8676080487028576 add (0.27601542857005995 mul x_0)))**2) mul sin((-0.07043066666077165 add (1.021194550927661 mul x_3)))))
feynman_I_18_4,success,4,lso,0.9023366039405621,0.262307663493645,15,199.4300892353058,,0.1,(-0.07562107998815469 add ((0.4968410336069776 mul x_3) add ((0.5037147319679031 mul x_2) add (0.011164127068758689 mul (x_1 mul x_0)))))
feynman_I_24_6,success,4,lso,0.9825065750946768,1.8820179992593102,21,284.5179328918457,,0.1,(0.42008292886438525 add (((-0.061956626676763396 add (0.479246684396413 mul x_3)))**2 mul exp(((0.4513732580739813 mul x_2) sub ((-0.5702146922471633 mul x_0) add (-0.44099740756991684 mul x_1))))))
feynman_I_25_13,success,2,lso,0.9874111304390075,0.0937470303064898,15,273.24229884147644,,0.1,(-0.05497463295192538 add (exp((0.3017401585817558 add (0.31472309207163734 mul x_0))) mul inv((0.04347552237255825 add (1.1564390296802125 mul x_1)))))
feynman_I_26_2,success,2,lso,0.9963935650132327,0.024073825079590022,15,195.4267454147339,,0.1,(-0.005475247719773608 add (sin((-3.205281397293801 add (-0.9775802219004784 mul x_1))) mul ((0.27946844610020766 add (0.8499381953908295 mul x_0)))**2))
feynman_I_27_6,success,3,lso,0.9832734484832045,0.046333249348384106,28,266.3502571582794,,0.1,(0.05087318391325476 add (inv((9.008696165408383 add (11.889953591564538 mul x_2))) mul ((5.077457605037074 mul cos((-2.147315465344686 add (0.9314069002077976 mul x_1)))) sub (-8.726040423586532 mul (x_1 mul arctan((0.1444280775021494 add (0.5923034682668793 mul x_0))))))))
feynman_I_29_16,success,4,lso,0.8485611334271878,0.8332365673546622,24,331.33139300346375,,0.1,(1.3793234774971448 add (abs(((7.1859345270926145 mul x_3) add (-7.130528990200738 mul x_2))) mul cos(((0.05424829566908227 mul x_1) add (1.5714567859230608 mul sin((-1.4499548143670549 add (-0.13304709857921393 mul x_0))))))))
feynman_I_29_4,success,2,lso,0.9990352031564603,0.03154517427781512,15,179.05604529380798,,0.1,(-0.08008893940268999 add (inv((0.00044110279607046575 add (0.005736920147725564 mul x_1))) mul cos((-10.997123900238355 add (-0.005943131723531795 mul x_0)))))
feynman_I_30_3,success,3,lso,0.784255480090654,0.8235563143620599,45,409.5751209259033,,0.1,(1.2969192648596457 add ((((0.5991891094424047 mul cos((0.23050036514799593 add (-1.0289474902555706 mul x_1)))) add (0.2579916487694651 mul x_0)))**2 mul ((1.0350818459881563 mul cos((0.5505184169508662 add (-0.4524616418637025 mul (x_2 mul x_2))))) sub ((-0.7500945171343311 mul x_2) sub ((4.408796329406354 mul cos((2.9631980690112307 add (-0.984274424906957 mul (x_1 mul x_2))))) sub (-0.05087142191108828 mul x_1))))))
feynman_I_30_5,success,3,lso,0.9945052540863282,0.00952019426009747,17,285.44859504699707,,0.1,(0.01657803374941028 add (inv((-0.45366642329401674 add (2.2793165959789423 mul x_2))) mul exp(((0.7461146143930435 mul x_0) add (-0.38487469757655407 mul x_1)))))
feynman_I_32_17,success,6,lso,0.9846884424850375,0.718558492189208,28,401.3953580856323,,0.1,(0.18420189257555483 add (exp(((3.8160818628951167 mul x_4) add (0.647290592524527 mul x_0))) mul exp(((-8.551912781960365 mul arctan(((0.5039267563035539 mul x_5) add (-0.283845400589325 mul x_1)))) add (0.7842340773257528 mul (x_3 mul x_2))))))
feynman_I_32_5,success,4,lso,0.9703495900042232,0.09996058085716086,21,277.59660840034485,,0.1,(0.02153040975171847 add (inv((-0.29883943831157544 add (2.7610115416448213 mul x_2))) mul exp(((-1.9516915136207638 mul x_3) sub ((-0.6264519779795199 mul x_0) sub (0.7057260429473623 mul x_1))))))
feynman_I_34_1,success,3,lso,0.9563299862582413,0.3973327101607811,21,403.43846797943115,,0.1,(0.06649607297042658 add (x_2 mul ((0.594629631215193 mul sqrt((5.853535539023664 add (2.7358465735770805 mul x_1)))) sub (0.47957532404107234 mul arctan((-3.803732435887032 add (1.1095409544005936 mul x_0)))))))
feynman_I_34_14,success,3,lso,0.9929720838652705,0.1292603422475197,18,313.2672061920166,,0.1,(2.4951703120093813 add ((1.0881814815075732 mul x_2) sub (-1.6966629252553178 mul arctan(((-0.668145588952067 mul x_0) add (0.38389509648744635 mul (x_2 mul x_1)))))))
feynman_I_34_27,success,2,lso,0.9994674491185443,0.01778857220743924,15,178.78532242774963,,0.1,(0.04272881136792508 add (abs((0.16328482896097304 add (-3.1023527498018715 mul x_0))) mul abs((0.005553009768699505 add (-0.053081140121367054 mul x_1)))))
feynman_I_34_8,success,4,lso,0.994847399495301,0.8722176765302156,19,177.06172513961792,,0.1,(0.09399357238183931 add (exp((-1.650934038105686 add (0.3158511450166621 mul x_2))) mul (x_1 mul (inv((0.012512687025692535 add (0.17173637184151233 mul x_3))) mul x_0))))
feynman_I_37_4,success,3,lso,0.9822627571545441,0.39305720427537444,22,322.2215042114258,,0.1,(-0.15855789254801844 add ((((-1.1478391541700605 mul x_0) add (-1.2242970012967407 mul abs((22.156836680401394 add (-7.080685213299075 mul x_2))))))**2 mul ((-0.10936741662661073 add (-0.010508735130069837 mul x_1)))**2))
feynman_I_38_12,success,4,lso,0.9650335696601824,0.3860982141237866,26,275.29905462265015,,0.1,(-0.02634975432455732 add (inv((-0.7200080311607845 add (37.17842717157624 mul x_0))) mul exp(((0.29032926016095967 mul x_3) add ((2.2615769121139726 mul ((1.3677872316261979 add (-0.2546409064057753 mul x_1)))**2) sub (-0.581226281127281 mul x_2))))))
feynman_I_39_1,success,2,lso,0.9978093772339679,0.34073539665744956,10,110.364914894104,,0.1,(-0.29023494424273916 add (abs((0.13243541420386054 add (1.5180536821990651 mul x_0))) mul x_1))
feynman_I_39_11,success,3,lso,0.9808407665235579,0.4303290788292809,17,391.6102042198181,,0.1,(-0.798549875268045 add (exp(((0.281767266414103 mul x_1) add (0.27571799688086 mul x_2))) mul inv((-0.37080817859455845 add (0.48548040527548497 mul x_0)))))
feynman_I_39_22,success,4,lso,0.9840689190287856,1.3014920610224048,24,195.07905435562134,,0.1,(0.6416887565095899 add (((4.342047680312429 add (1.981334346240247 mul x_3)))**2 mul exp(((-0.42938663019687195 mul x_2) sub (18.44716827876701 mul exp((-1.7274319510240945 add (-0.10823607039104469 mul (x_0 mul x_1)))))))))
feynman_I_40_1,success,6,lso,0.9582104446923976,0.16093740215426994,33,369.13478088378906,,0.1,(-0.2209539153130292 add (inv((3.5134595361350383 add (8.106201836942464 mul x_1))) mul (inv((0.02441798728563494 add (0.047591910941305646 mul x_2))) mul exp(((0.6586980220380627 mul arctan(((-0.6203964722839775 mul x_4) add (0.6418887735251111 mul x_5)))) add (0.07609593071827182 mul (x_3 mul x_0)))))))
feynman_I_41_16,success,5,lso,0.9558527577359539,0.5245138334422745,28,312.4178047180176,,0.1,(0.11039020141626096 add (((0.25475721236910626 add (0.8189573233812913 mul (inv((-0.2617316686398071 add (-1.2122971325206071 mul x_4))) mul ((0.8073355427796497 mul x_3) add (0.7999258491799071 mul x_1))))))**2 mul ((-0.015860298814858162 add (0.35291809256759893 mul x_0)))**2))
feynman_I_43_16,success,4,lso,0.9857147899766052,0.9255055131855212,24,305.85365295410156,,0.1,(0.572662717506507 add (((0.003764802147191149 add (0.0015566766155502123 mul x_2)))**2 mul exp(((9.386566240431849 mul arctan((1.8750719854460487 add (0.41445860688096786 mul (x_1 mul x_0))))) add (-0.45336764692054937 mul x_3)))))
feynman_I_43_31,success,3,lso,0.989115589202194,1.9013772082832319,17,213.67181658744812,,0.1,(-0.32129951829936815 add (((96.31956245814882 add (32.51347945046694 mul x_0)))**2 mul (((0.006705363900442309 add (0.002760387935614635 mul x_2)))**2 mul x_1)))
feynman_I_43_43,success,4,lso,0.9661590258629739,0.319191001298799,21,274.940566778183,,0.1,(-0.004197360490575684 add (inv((-0.495760903899163 add (0.5081360526202091 mul x_0))) mul exp(((0.3246771958943586 mul x_1) sub ((-0.25508726860161435 mul x_3) sub (-0.4475415590114384 mul x_2))))))
feynman_I_44_4,success,5,lso,0.9692126280594388,3.4015632157632325,22,207.7037193775177,,0.1,(-0.24531314428663673 add (exp(((0.34523516836654033 mul x_1) add ((0.3313550150840232 mul x_2) sub (-0.3533065479210854 mul x_0)))) mul ((-0.3670173319463046 mul x_3) sub (-0.370414584086472 mul x_4))))
feynman_I_47_23,success,3,lso,0.9695540615583291,0.12164701634909551,24,285.58463883399963,,0.1,(0.5752421387378204 add (abs(((-7.950846317155326 mul inv((1.9917445371521592 add (18.250483312160032 mul x_2)))) add (-0.07775342060914578 mul (x_1 mul x_0)))) mul ((1.5693145606892207 add (-0.13515248876690783 mul x_2)))**2))
feynman_I_48_2,success,3,lso,0.9989746808352344,2.9423237510295652,15,285.9950649738312,,0.1,(-5.05690730007804 add (((0.6173201983043585 add (1.2029567126028151 mul x_2)))**2 mul abs((0.0040832513925034425 add (0.6394207748769177 mul x_0)))))
feynman_I_50_26,success,4,lso,0.8006428169924468,0.754524703754772,31,585.9185783863068,,0.1,(-0.233517736530149 add (exp(((0.2650019436284208 mul x_1) add (0.401761080980003 mul x_3))) mul (((-19.76357314030063 mul cos((-1.5742472225295283 add (-0.0035902166089938955 mul x_0)))) add (0.938017807288782 mul cos((-0.04291240501767285 add (-0.9934559082044123 mul (x_1 mul x_2)))))))**2))
feynman_I_6_2,success,2,lso,0.9531908774776675,0.008946989321841908,22,108.87980628013611,,0.1,(0.12425893607176139 add (((-0.4589926292399295 add (0.09219320640679504 mul x_0)))**2 mul arctan(((-1.0283129412264838 mul x_1) add (2.06149304636877 mul sin((-3.2082156397506827 add (-0.772919579986655 mul x_0))))))))
feynman_I_6_2a,success,1,lso,0.999124838874207,0.002213614441741354,15,132.61002373695374,,0.1,(0.005158395628584017 add (sin((1.2493646691265616 add (-0.2665141668753948 mul x_0))) mul ((0.788674031984832 add (-0.2572514394528993 mul x_0)))**2))
feynman_I_6_2b,success,3,lso,0.988968903373335,0.005398554650805155,24,170.81535816192627,,0.1,(0.13841940870226108 add (((-0.9470287138836794 add (0.31783712632559313 mul x_0)))**2 mul (((0.06725897290698975 mul x_0) add (0.6899445810474414 mul cos(((-0.8194453743233112 mul x_2) add (0.8092504474026608 mul x_1))))))**2))
feynman_I_8_14,success,4,lso,0.9371248275626782,0.20707352440650154,23,156.6593587398529,,0.1,(0.12125981415591097 add ((0.09776404831405135 mul abs(((-7.454790451733475 mul x_1) add (7.563755889601252 mul x_0)))) add (0.1224472737474837 mul abs(((6.01105576914796 mul x_3) add (-6.211234615958176 mul x_2))))))
feynman_I_9_18,success,9,lso,0.9448291735282641,0.032523713619674176,38,394.1576554775238,,0.1,(0.0002652344763166231 add (inv((89.83113894267451 add (-29.125487278875756 mul x_2))) mul (((7.798242222325487 mul x_0) add ((8.393938405210081 mul x_1) add ((3.9874266400741254 mul x_4) add (4.292798653246364 mul x_6)))) sub ((4.310810194761619 mul x_3) add ((-3.7787874315485146 mul x_8) add (1.194497158159164 mul (x_7 mul x_5)))))))
feynman_test_1,success,7,lso,0.9759386033447416,1.2336511881165497,30,329.40821862220764,,0.1,(0.6466634932064362 add (exp(((-1.229341831699426 mul x_5) add (0.8469155855386464 mul (x_4 mul x_0)))) mul (abs((-30.98759410230176 add (40.16304148625066 mul x_2))) mul exp(((-2.1568566669993943 mul x_6) add (0.818823788479464 mul (x_1 mul x_3)))))))
feynman_test_10,success,3,lso,0.9681020825728055,0.08888984102836199,16,208.2609748840332,,0.1,(2.7413424187865303 add (sin((-3.0964086358647185 add (-0.017561358078437245 mul x_2))) mul ((13.285171371006186 mul x_0) add (-11.490209280221432 mul x_1))))
feynman_test_11,success,4,lso,0.9439577567748456,0.2523562588859206,30,555.1977643966675,,0.1,(-0.789662113118311 add (((0.11689469729371466 mul x_0) add (3.198475481664933 mul cos((1.4843745556021986 add (0.026467311005296933 mul x_1))))) mul exp(((1.8830108781055581 mul (x_3 mul cos((-6.840871430957047 add (-0.4950921577400734 mul x_2))))) add (0.9638933709465405 mul x_2)))))
feynman_test_12,success,5,lso,0.9913818316030862,1.2588324517182512,19,354.3785409927368,,0.1,(2.202407750970847 add (exp(((0.21294234007688523 mul x_3) add (-1.4361877318133272 mul x_1))) mul abs((-6.671832679033533 add (6.954356086541679 mul (x_2 mul x_0))))))
feynman_test_13,success,5,lso,0.9543359321213494,0.003249266820789199,32,134.15125799179077,,0.1,(-0.005049783616151637 add (inv((0.9849645346372004 add (19.484683721770356 mul x_4))) mul (inv((75.45935103325992 add (13.22334022718882 mul x_2))) mul ((39.25781565369043 mul x_0) sub ((-7.682992626052613 mul x_1) sub (3.146359128861771 mul ((-6.497778473345716 add (2.105453360673271 mul x_3)))**2))))))
feynman_test_14,success,5,lso,0.5853698472087913,5.030654016027969,28,472.8951938152313,,0.1,(0.17711004035768677 add (cos((0.07094603695343668 add (-1.0172865745074526 mul x_1))) mul ((-3.1427311070011164 mul x_0) sub (-0.017807847466123714 mul exp(((-0.018043357139835126 mul inv((-0.0006352171397317899 add (-0.0031642294377186566 mul x_2)))) add (0.9798704645150508 mul x_3)))))))
feynman_test_15,success,4,lso,0.9773134310438909,0.22739126898877868,23,224.84976029396057,,0.1,(-0.07073962445791172 add ((1.0319065440617317 mul x_2) add (0.9147073115282237 mul (exp(((-0.11454084907147155 mul x_0) add (0.39451279998057587 mul x_1))) mul sin((-1.5075006663639448 add (-1.0158526828790049 mul x_3)))))))
feynman_test_16,success,6,lso,0.9612826681562008,5.338045551554195,29,336.9749300479889,,0.1,(-8.694180546268615 add ((1.086382852311314 mul (abs((0.30807846518680326 add (0.6714893258126718 mul x_0))) mul ((0.18665745204670448 add (-1.1477859976295752 mul x_1)))**2)) add (0.6169511862181131 mul (x_3 mul ((2.9011179036989976 mul x_4) add (1.6850896330190024 mul x_5))))))
feynman_test_17,success,6,lso,0.9836345004630016,96.84596294578921,35,251.42019033432007,,0.1,(83.19494023807114 add (inv((0.5734355445919159 add (4.143419383524 mul x_3))) mul (((1.6289341864885951 add (-8.17744822998985 mul x_1)))**2 mul (((-0.4525966920762812 add (0.36526357688243644 mul x_4)))**2 mul (((0.834875805932186 mul x_0) add ((0.7694745937721581 mul x_5) sub (0.004506945195102161 mul x_2))))**2))))
feynman_test_18,success,5,lso,0.9885896387870843,0.07299406263614518,32,374.10747480392456,,0.1,(0.03383817311188559 add (inv((-1.8376504600461745 add (19.162565996535193 mul x_0))) mul ((13.977885667081647 mul exp(((0.24458886100539312 mul x_1) add ((0.6170351517270103 mul x_4) add (-1.3727025795775332 mul x_2))))) add (0.40348199820385094 mul ((-0.5506253098147051 add (-2.195795294874154 mul x_3)))**2))))
feynman_test_19,success,6,lso,0.9552788241122486,3.5141750492952055,34,310.69755125045776,,0.1,(0.2804736716970922 add (((0.8937882042677991 add (-0.7559614208075816 mul (x_5 mul x_3))))**2 mul (inv((-0.6028540673537223 add (12.412547236899227 mul x_0))) mul ((-0.32025911000744733 mul x_1) add ((10.389509385201912 mul arctan((-0.2835412572703818 add (0.2210402354137035 mul x_4)))) add (0.494133228818726 mul x_2))))))
feynman_test_2,success,6,lso,0.9777899238702542,0.3017083434169757,37,648.1704483032227,,0.1,(-0.5307895245900042 add (inv((-288.62877060883244 add (497.3835074916843 mul x_2))) mul ((-24.68112726752106 mul x_4) sub (-5.034078016099547 mul (((2.491847136516571 add (0.6306886979808332 mul x_0)))**2 mul (((-5.067700216877837 mul cos(((-0.5586127457479637 mul x_4) add (0.5619516857989063 mul x_5)))) add (-0.3787120798222522 mul x_1)))**2)))))
feynman_test_20,success,7,lso,0.8878231115871386,1.6701181938011473,33,319.82656693458557,,0.1,(0.1765533199551384 add (exp(((0.8609049026038017 mul x_1) add (-1.6935637080182462 mul x_0))) mul (exp(((-1.2783994374925616 mul x_4) add (-0.7135341154452248 mul x_5))) mul ((-0.2636768295227199 add (-0.742776348104405 mul (x_2 mul ((1.1184789338623269 add (0.43575618235190744 mul x_3)))**2))))**2)))
feynman_test_3,success,4,lso,0.9857019668936134,0.21607079446513286,23,322.96349906921387,,0.1,(-0.8188828382305416 add (sin((6.206887628963273 add (0.05326177282201766 mul x_1))) mul ((-26.135392862371408 mul x_0) add (-14.806201765799662 mul cos(((2.32834259330573 mul x_2) add (-1.6574923334344869 mul x_3)))))))
feynman_test_4,success,5,lso,0.8964555269334873,0.14519113959979588,26,417.08688592910767,,0.1,(2.3859254095672875 add (((0.18909689259273932 mul x_2) sub ((0.27178827643605136 mul x_1) add (-0.8653449490282901 mul x_0))) mul ((0.25256457600050547 mul x_0) add (1.2546867081900526 mul sin((6.07648693523174 add (-0.7599783992703945 mul x_3)))))))
feynman_test_5,success,4,lso,0.9787900452064415,0.3942310005060695,21,472.05384850502014,,0.1,(1.626668647268005 add ((((-1.369837678940919 mul x_1) add (5.22077802698488 mul x_0)))**2 mul inv(((3.837589199167301 mul x_0) sub (-1.2171669922019468 mul (x_3 mul x_2))))))
feynman_test_6,success,7,lso,-0.5272028298257989,0.404349885036494,37,615.1517834663391,,0.1,(1.0592541423996078 add ((((((inv((23475.12752382319 add (31139.863488581752 mul x_4))) mul ((-335.7519156605828 add (77.84352432029782 mul x_5)))**2) mul x_1) add (-0.21632201248225671 mul x_2)))**2 mul inv((-203578.72887881353 add (338927.6926098585 mul x_3)))) mul ((-110824.9088202572 mul x_5) sub (-159126.6321474158 mul x_0))))
feynman_test_7,success,5,lso,0.9552719456245854,0.2555756029548393,13,206.78702545166016,,0.1,(0.20860365689398622 add ((1.3550278617421276 mul x_1) add ((-0.36533772098724265 mul x_2) add (1.5827385445807183 mul x_0))))
feynman_test_8,success,4,lso,0.9774249677086516,0.0687486418527719,21,442.57785725593567,,0.1,(0.554366866418457 add (abs((-0.35211721459230655 add (0.9002713761399642 mul x_0))) mul arctan(((0.4345815301947095 mul x_2) add ((0.19644761511849357 mul x_1) add (-0.27370795200682063 mul x_3))))))
feynman_test_9,success,5,lso,0.9965479808805522,646.0115350389684,28,55.230273723602295,,0.1,(21.263340869602416 add (((2.080863969067304 add (1.893763093805145 mul x_2)))**2 mul (exp(((-4.744507783008801 mul x_1) add ((0.7366634969451669 mul x_3) add (-3.997911189011128 mul x_4)))) mul ((20.572616909219445 add (-55.18593314851437 mul x_0)))**3)))
first_principles_absorption,success,1,lso,0.9952092164532907,0.036307510164925894,15,24.491533517837524,,0.1,(2.572423373659193 add (inv((0.5208974132269274 add (0.05298969345508813 mul x_0))) mul arctan((-4.118728723952861 add (0.33037085924354975 mul x_0)))))
first_principles_hubble,success,1,lso,0.22538888455893624,324.32062354402535,26,282.5819389820099,,0.1,(-216.54044394309642 add ((5.669117946956249 mul abs((-44.40227855376777 add (-107.6086976529311 mul (cos((-2.5359785488067783 add (1.5128212735705864 mul x_0))) mul sin((0.6047812441368946 add (-17.343569565391796 mul x_0)))))))) add (461.94678100590914 mul x_0)))
first_principles_ideal_gas,success,3,lso,0.4587340220133831,1.3252225731411578,28,266.4496285915375,,0.1,(6.310114319433627 add (exp((-1.2479952851969025 add (-0.01291543816025794 mul x_2))) mul ((0.22045139295564206 mul x_0) add (7.274432377514677 mul sin(((0.3294257222017691 mul x_2) add (-0.0995193960932155 mul abs((78.61377342782333 add (-1.0446957997102182 mul x_1))))))))))
first_principles_kepler,success,1,lso,0.7859341574253063,2468.688600173707,11,7.862735271453857,,0.1,(85.72100554778338 add ((127.06335378596316 mul x_0) add (143.25146020934258 mul (x_0 mul x_0))))
first_principles_leavitt,success,1,lso,-10.064270659732875,2.745024403485801,28,512.2699663639069,,0.1,(17.316225671828818 add ((-2.5919890190338717 mul x_0) add (3.2349680875600813 mul cos((10.741533538523546 add (-11.007471918795835 mul (cos((-1.6294933293795821 add (1.099892574389754 mul x_0))) mul cos((-0.742509627334862 add (-9.723407921770043 mul (x_0 mul x_0)))))))))))
first_principles_newton,success,3,lso,0.6916568509354307,5.738292558062951,31,72.7562689781189,,0.1,(361.8587809534773 add ((0.1 mul inv((0.1 add (-0.3 mul x_1)))) sub (207.15461907871617 mul arctan((9.816933879553432 add (-51.85334911704633 mul (((-2.6 add (-105.02658408043342 mul x_0)))**2 mul inv((0.2 add (-1.0950848524000165 mul x_1))))))))))
first_principles_planck,success,2,lso,0.9971025838640583,10.576347305989236,32,61.45262908935547,,0.1,(-78.33185932315317 add ((0.6066202840451799 mul abs((-84.57644999414013 add (8.8 mul x_4)))) add (-2.2033282886712812e-10 mul abs((0.5 add (11.855523625783581 mul (inv((12.263656628748429 add (-1.4698422716566326 mul x_1))) mul ((-0.025216332159426577 mul x_0) add (6.600000106971065 mul x_1)))))))))
first_principles_schechter,success,1,lso,0.9591820894769667,0.927866723346918,28,73.65003967285156,,0.1,(5.104974295738954 add ((-1.2591766297966991e-09 mul x_0) sub (0.7991135574194171 mul log(((6.999998225990424 mul x_0) add (7.294954055599731 mul (((-0.8153001954066129 mul x_0) add (6.1000000000000005 mul inv((0.2 add (7.7 mul x_0))))))**2))))))
first_principles_supernovae_zg,success,1,lso,0.9935585131826563,0.024533838481055666,26,149.57776403427124,,0.1,(0.004882308107762654 add (exp((-4.452986785226605 add (-0.07679385917121134 mul x_0))) mul ((-63.67168941049535 mul inv((-1.2181827701877503 add (8.9 mul x_1)))) sub (-45.272531678449134 mul arctan((1.1396872109254084 add (0.20072977857753968 mul x_0)))))))
first_principles_supernovae_zr,success,1,lso,0.9839448757790377,0.03220591007979754,22,202.60100293159485,,0.1,(1.0756018657722537 add (inv((-29.594579199090735 add (-3.5538780857832895 mul x_0))) mul (arctan((0.8446598794909197 add (0.09134580048751702 mul x_0))) mul abs((2.945469273090206 add (-2.9040906548758145 mul x_0))))))
first_principles_tully_fisher,success,1,lso,-3.9616969714503805,2.66748182004135,21,162.02208971977234,,0.1,(-17.896380300490097 add ((-0.8957199615819634 mul cos((-12.450280281652278 add (9.746651245676153 mul x_0)))) add (-0.0055311783399220405 mul (x_0 mul cos((12.634157421556877 add (0.08082424595233102 mul x_0)))))))
nikuradse_1,success,2,lso,0.9769681306625253,0.014030172325657196,35,275.48276376724243,,0.1,(1.0607322944289839 add (inv((90.0710944904729 add (-10.903368095235386 mul x_1))) mul ((-0.03433440424827222 mul ((-24.50179785959214 add (-0.003426248275334973 mul x_0)))**2) sub (5.660885609209282 mul cos((16.84098354187554 add (10.87857941114365 mul (inv((-59.576948886617494 add (6.213054208036712 mul x_0))) mul (x_1 mul x_0)))))))))
nikuradse_2,success,1,lso,0.9099422944836721,0.08974047402853458,26,131.12339687347412,,0.1,(1.7829360951604547 add (((0.15592508728278498 mul cos((13.399712330705302 add (27.973089212972077 mul x_0)))) add (1.4822015029609645 mul ((-0.8375546273716321 add (0.31812755342342425 mul x_0)))**2)) mul cos((3.1757442210390274 add (2.475434582308365 mul x_0)))))
strogatz_bacres1,success,2,lso,0.9919726468120457,0.2426475680500199,9,94.9064507484436,,0.1,(15.312558444447612 add ((-0.6276525221011566 mul x_0) sub (0.15778336477462276 mul x_1)))
strogatz_bacres2,success,2,lso,0.9865532749904459,0.23794330777039735,9,94.7070837020874,,0.1,(5.290347362495795 add ((0.3694495581293319 mul x_0) sub (0.15649581218994088 mul x_1)))
strogatz_barmag1,success,2,lso,0.9975351023415748,0.014792332937441626,26,244.84084153175354,,0.1,(0.75175484053841 add ((-0.3509871056775176 mul sin((-13.628873515764678 add (2.5058812015051144 mul x_0)))) sub (0.49697060947579613 mul cos(((1.2162475677912008 mul x_1) add (5.963722085554808 mul inv((-10.6796481613997 add (0.897328352654603 mul x_0)))))))))
strogatz_barmag2,success,2,lso,0.9991834601071359,0.01166266658027837,22,33.119513511657715,,0.1,(-0.18915678527691424 add (((3.660299296810739 add (-0.5412132334057245 mul x_0)))**2 mul sin(((410377.01860224496 mul inv((-77988.34896263362 add (-56104.52729843542 mul x_1)))) add (0.459937845291866 mul x_1)))))
strogatz_glider1,success,2,lso,0.9896424059168235,0.0723799842706631,25,428.64166283607483,,0.1,(0.25327293870229994 add ((0.9891806526607765 mul sin((0.025535617968769214 add (-0.9978815500967433 mul x_1)))) sub ((2.0493050248766003 mul x_1) sub (1.5573999500294944 mul abs(((-0.16625683231902652 mul x_0) sub (-1.3164351657153615 mul x_1)))))))
strogatz_glider2,success,2,lso,0.9866499317412478,0.12554204341658556,37,423.9730749130249,,0.1,(10.499750883724317 add ((1.6385970955786955 mul abs((-0.6577764829744794 add (1.8697078540274916 mul (((0.011609928862775513 mul x_0) add (10.028987898469902 mul inv((-0.48552087765490065 add (35.88946824719772 mul x_0))))) mul cos((6.40282434295841 add (0.9936303131004897 mul x_1)))))))) add (56.27163066382639 mul cos((10.789987021575916 add (0.01687292413129285 mul x_0))))))
strogatz_lv1,success,2,lso,0.6584880949192002,0.3367578563975769,17,218.89807391166687,,0.1,(1.4075304423741672 add ((((0.2721945712775138 mul x_0) add (0.6483759643307866 mul x_1)))**2 mul inv((-1.1591159384652554 add (0.2329432918524151 mul x_0)))))
strogatz_lv2,success,2,lso,0.9300967388278427,0.055145474341607,24,45.45489192008972,,0.1,(0.03201329633886152 add (x_0 mul ((-0.26376780545569023 add (-0.6121749347986353 mul (x_1 mul sin((1.1273443499946585 add (-0.19827664705242062 mul (x_1 mul cos((-0.4295398382118287 add (5.401830375602336 mul x_0)))))))))))**3))
strogatz_predprey1,success,2,lso,0.991419468680077,0.15887242853945388,22,29.548867225646973,,0.1,(-0.0919921087935641 add ((((0.8043750237650392 mul x_0) add (8.253378863324087 mul cos((-2.070435230133042 add (-0.45126186182123945 mul x_1))))))**3 mul cos((-4.712242934070415 add (0.004009211905250647 mul x_0)))))
strogatz_predprey2,success,2,lso,0.9905745444682273,0.1594777223764945,16,162.06543254852295,,0.1,(2.183084500925946 add ((-0.7138800009999883 mul x_1) sub (-4.177155705198336 mul arctan((-0.15314757140287943 add (0.08033096575007163 mul (x_0 mul x_1)))))))
strogatz_shearflow1,success,2,lso,0.9907146850684501,0.06321047458986212,22,242.82278418540955,,0.1,(0.26010374995006874 add (sin((7.775425350500197 add (-0.7463104968160439 mul x_1))) mul ((-0.8113439293560322 add (0.3312862365024478 mul (x_1 mul sin((-11.044304031156692 add (1.026424784391857 mul x_0)))))))**3))
strogatz_shearflow2,success,2,lso,0.97984197719317,0.03007352727719657,24,250.74107933044434,,0.1,(0.021818683558456523 add (((-0.3833789530482402 mul x_1) sub (0.2 mul x_2)) mul ((0.5194387590510025 mul cos((1.5629017035220043 add (-2.0134085563507598 mul x_0)))) sub (0.030941272698552895 mul (x_1 mul x_0)))))
strogatz_vdp1,success,2,lso,0.9922998693979129,0.07974682517399757,26,36.8599054813385,,0.1,(-137.35904981791649 add ((-13.715504906136704 mul cos((-1.600214055918122 add (-1.1981804581543951 mul x_0)))) add (0.41772059643467746 mul (exp((-6.02373270081425 add (0.07435155894533084 mul x_1))) mul ((51.341546548538 add (-1.6005265914500038 mul x_0)))**3))))
strogatz_vdp2,success,2,lso,0.9998938391330786,0.0009400250009448957,10,81.15598320960999,,0.1,(0.001048397858169825 add (x_0 mul cos((-7.954411707784217 add (-0.0012505833676262762 mul x_1)))))
